<?xml version="1.0" encoding="ISO-8859-1"?>
<!DOCTYPE practicas SYSTEM "practicas.dtd">
<practicas ies="IES Alba-FP" anio="2024">
  <practica tutor="Antonia">
    <alumno curso="MEDIO">Eduardo Sanchez</alumno>
    <contenido tipo="presentacion">
      <titulo>Redes Sociales y Bulling</titulo>
    </contenido>
  </practica>
  <practica>
    <alumno curso="SUPERIOR">Sara Pérez</alumno>
    <alumno curso="SUPERIOR">Luis Rodrigo Martínez Tabernero</alumno>
    <contenido tipo="proyecto">
      <parte paginas="10">Información sobre redes neuronales</parte>
      <parte >Bibliografía de expertos en la materia</parte>
    </contenido>
  </practica>
</practicas>
