<?xml version="1.0" encoding="UTF-8"?>
<olimpiada xmlns:xsi="http://www.w3.org/2001/XMLSchema-instance" xsi:noNamespaceSchemaLocation="LuisRodrigoMartinezTabernero1.XSD">
  <ciudad>Albacete</ciudad>
  <fecha>2025-03-12</fecha>
  <equipo>
    <participante>
      <nombre>Luis Rodrigo Martínez Tabernero</nombre>
      <dni>47447698D</dni>
    </participante>
    <participante>
      <nombre>Juan Perez</nombre>
      <dni>12345678A</dni>
    </participante>
    <participante>
      <nombre>Maria Lopez</nombre>
      <dni>87654321B</dni>
    </participante>
  </equipo>
</olimpiada>
