<miviaje duracion="15">
  <todoslosdestinos>
    <destino nivelpeligro="3">kenia</destino>
    <destino nivelpeligro="3">Tanzania</destino>
  </todoslosdestinos>
</miviaje>
<miviaje duracion="7">
  <todoslosdestinos>
    <destino nivelpeligro="1">Italia</destino>
  </todoslosdestinos>
</miviaje>
<miviaje duracion="7">
  <todoslosdestinos>
    <destino nivelpeligro="5">Colombia</destino>
  </todoslosdestinos>
</miviaje>
<miviaje duracion="10">
  <todoslosdestinos>
    <destino nivelpeligro="5">Tijuana</destino>
    <destino nivelpeligro="2">Cancun</destino>
  </todoslosdestinos>
</miviaje>
<miviaje duracion="6">
  <todoslosdestinos>
    <destino nivelpeligro="1">Crucero mediterraneo</destino>
  </todoslosdestinos>
</miviaje>