<cliente numero="c4">
  <nombre>Antonio Javier</nombre>
  <apellidos>Fernández del Olmo</apellidos>
  <telefono>965800657</telefono>
</cliente>
<cliente numero="c1">
  <nombre>Luis</nombre>
  <apellidos>García Pérez</apellidos>
  <telefono>967243415</telefono>
</cliente>
<cliente numero="c3">
  <nombre>Ana Isabel</nombre>
  <apellidos>Martínez Villena</apellidos>
  <telefono>932346947</telefono>
</cliente>
<cliente numero="c2">
  <nombre>María Dolores</nombre>
  <apellidos>Suarez de la Calle</apellidos>
  <telefono>913454326</telefono>
</cliente>