<?xml version="1.0" encoding="UTF-8"?>
<?xml-stylesheet type="text/xsl" href="rentaLuisRodrigoMartinezTabernero1.XSL"?>
<renta periodo="2024">
    <plazo>
        <inicio>1-abril-2025</inicio>
        <fin>30-junio-2025</fin>
    </plazo>
    <nombre contacto="http://www.renta.es">Sr Secretario de Hacienda</nombre>
    <declarantes>
        <empresa nif="N-214-H">
            <nombre>Sistemas informáticos.com</nombre>
            <domicilio>
                <calle>La paz 27</calle>
                <capital>Albacete</capital>
            </domicilio>
            <domicilio>
                <calle>Concepción 12</calle>
                <capital>Albacete</capital>
            </domicilio>
            <resultado pagar="si">24500</resultado>
        </empresa>
        <empresa nif="N-325-G">
            <nombre>Cooperativa del aceite</nombre>
            <domicilio>
                <calle>Mayor 2</calle>
                <pueblo>Molinicos</pueblo>
                <capital>Albacete</capital>
            </domicilio>
            <resultado pagar="no">1000</resultado>
        </empresa>
        <particular nif="N-6654563-A">
            <nombre>Pepe Perez</nombre>
            <domicilio>
                <calle>Gran Via 18</calle>
                <capital>Madrid</capital>
            </domicilio>
            <resultado pagar="no">235</resultado>
        </particular>
        <particular nif="N-123456-B">
            <nombre>Ana Parranda</nombre>
            <domicilio>
                <calle>Fº Pizarro 18</calle>
                <capital>Albacete</capital>
            </domicilio>
            <resultado pagar="si">800</resultado>
        </particular>
        <particular nif="N-66453-B">
            <nombre>Rosaura Castellano</nombre>
            <domicilio>
                <calle>De la Paz</calle>
                <pueblo>Villarrobledo</pueblo>
                <capital>Albacete</capital>
            </domicilio>
            <resultado pagar="no">840</resultado>
        </particular>
    </declarantes>
    <revision declarante="N-325-G"/>
</renta>