<?xml version="1.0" encoding="UTF-8"?>
<project-private xmlns="http://www.netbeans.org/ns/project-private/1">
    <editor-bookmarks xmlns="http://www.netbeans.org/ns/editor-bookmarks/2" lastBookmarkId="0"/>
    <open-files xmlns="http://www.netbeans.org/ns/projectui-open-files/2">
        <group>
            <file>file:/home/bobovino/NetBeansProjects/PROG09MartinezTaberneroLuisRodrigo/src/modelos/Lugar.java</file>
            <file>file:/home/bobovino/NetBeansProjects/PROG09MartinezTaberneroLuisRodrigo/src/modelos/PDI.java</file>
            <file>file:/home/bobovino/NetBeansProjects/PROG09MartinezTaberneroLuisRodrigo/src/modelos/PuntoGeografico.java</file>
            <file>file:/home/bobovino/NetBeansProjects/PROG09MartinezTaberneroLuisRodrigo/src/modelos/Localidad.java</file>
            <file>file:/home/bobovino/NetBeansProjects/PROG09MartinezTaberneroLuisRodrigo/src/prog09martineztaberneroluisrodrigo/PROG09MartinezTaberneroLuisRodrigo.java</file>
        </group>
    </open-files>
</project-private>
